num_threads,execution_time
1,2.637223
2,6.607363
3,6.477866
4,6.471762
5,6.272177
6,6.448596
7,6.238783
8,6.366994
9,6.103048
10,6.467268
11,6.382685
12,6.564029
13,6.134606
14,6.261107
15,6.128083
16,6.377381
17,6.049931
18,6.176973
19,6.058278