num_threads,execution_time
1,4.598785
2,10.739624
3,12.100039
4,13.306356
5,14.469453
6,13.689379
7,14.507032
8,13.295001
9,13.281890
10,12.952153
11,13.008322
12,12.531857
13,12.090485
14,11.751800
15,11.920150
16,11.813217
17,11.839646
18,11.645400
19,11.974632
